Workbook

Sheet Stock 
P1: PEMBELIAN
B2: SALES | C2: Januari | D2: Februari | E2: Maret | F2: April | G2: Mei | H2: Juni | I2: Juli | J2: Agustus | K2: September | L2: October | M2: November | N2: December | P2: Bulan | Q2: Type | R2: Quantity
B3: SMT 007 | C3: =SUMIF(Januari!$M$3:$M$16,B3,Januari!$N$3:$N$16) -> 4
B4: SMT 007-S | C4: =SUMIF(Januari!$M$3:$M$16,B4,Januari!$N$3:$N$16) -> 3
B5: HALO | C5: =SUMIF(Januari!$S$3:$S$16,B5,Januari!$T$3:$T$16) -> 5
B6: AS | C6: =SUMIF(Januari!$S$3:$S$16,B6,Januari!$T$3:$T$16) -> 3
B7: By U | C7: =SUMIF(Januari!$S$3:$S$16,B7,Januari!$T$3:$T$16) -> 0
B8: New Protrack 1 Year | C8: =SUMIF(Januari!$Q$3:$Q$16,B8,Januari!$R$3:$R$16) -> 7
B9: New Tracksolid 1 Year | C9: =SUMIF(Januari!$Q$3:$Q$16,B9,Januari!$R$3:$R$16) -> 0
B10: New Protrack Lifelong | C10: =SUMIF(Januari!$Q$3:$Q$16,B10,Januari!$R$3:$R$16) -> 0
B11: New Tracksolid Lifelong | C11: =SUMIF(Januari!$Q$3:$Q$16,B11,Januari!$R$3:$R$16) -> 0
C13: STOK AWAL (28/12/2025) | D13: PEMBELIAN | E13: PENJUALAN | F13: STOK AKHIR | G13: RESTOK?
B14: SMT 007 | C14: 6 | D14: =SUMIF($Q$3:$Q$23,B14,$R$3:$R$23) -> 0 | E14: =SUM(C3:N3) -> 4 | F14: =C14+D14-E14 -> 2 | G14: =ifs(F14<=3,"Restok",AND(F14>=3,F14<=5),"Reminder",F14>=5,"Tidak perlu") -> #NAME?
B15: SMT 007-S | C15: 32 | D15: =SUMIF($Q$3:$Q$23,B15,$R$3:$R$23) -> 0 | E15: =SUM(C4:N4) -> 3 | F15: =C15+D15-E15 -> 29 | G15: =ifs(F15<=3,"Restok",AND(F15>=3,F15<=5),"Reminder",F15>=5,"Tidak perlu") -> #NAME?
B16: HALO | C16: 34 | D16: =SUMIF($Q$3:$Q$23,B16,$R$3:$R$23) -> 0 | E16: =SUM(C5:N5) -> 5 | F16: =C16+D16-E16 -> 29 | G16: =ifs(F16<=3,"Restok",AND(F16>=3,F16<=5),"Reminder",F16>=5,"Tidak perlu") -> #NAME?
B17: AS | C17: 9 | D17: =SUMIF($Q$3:$Q$23,B17,$R$3:$R$23) -> 0 | E17: =SUM(C6:N6) -> 3 | F17: =C17+D17-E17 -> 6 | G17: =ifs(F17<=3,"Restok",AND(F17>=3,F17<=5),"Reminder",F17>=5,"Tidak perlu") -> #NAME?
B18: By U | C18: 3 | D18: =SUMIF($Q$3:$Q$23,B18,$R$3:$R$23) -> 0 | E18: =SUM(C7:N7) -> 0 | F18: =C18+D18-E18 -> 3 | G18: =ifs(F18<=3,"Restok",AND(F18>=3,F18<=5),"Reminder",F18>=5,"Tidak perlu") -> #NAME?
B19: New Protrack 1 Year | D19: =SUMIF($Q$3:$Q$23,B19,$R$3:$R$23) -> 0 | E19: =SUM(C8:N8) -> 7 | F19: =C19+D19-E19 -> -7 | G19: =ifs(F19<=3,"Restok",AND(F19>=3,F19<=5),"Reminder",F19>=5,"Tidak perlu") -> #NAME?
B20: New Tracksolid 1 Year | D20: =SUMIF($Q$3:$Q$23,B20,$R$3:$R$23) -> 0 | E20: =SUM(C9:N9) -> 0 | F20: =C20+D20-E20 -> 0 | G20: =ifs(F20<=3,"Restok",AND(F20>=3,F20<=5),"Reminder",F20>=5,"Tidak perlu") -> #NAME?
B21: New Protrack Lifelong | D21: =SUMIF($Q$3:$Q$23,B21,$R$3:$R$23) -> 0 | E21: =SUM(C10:N10) -> 0 | F21: =C21+D21-E21 -> 0 | G21: =ifs(F21<=3,"Restok",AND(F21>=3,F21<=5),"Reminder",F21>=5,"Tidak perlu") -> #NAME?
B22: New Tracksolid Lifelong | D22: =SUMIF($Q$3:$Q$23,B22,$R$3:$R$23) -> 0 | E22: =SUM(C11:N11) -> 0 | F22: =C22+D22-E22 -> 0 | G22: =ifs(F22<=3,"Restok",AND(F22>=3,F22<=5),"Reminder",F22>=5,"Tidak perlu") -> #NAME?

Sheet Januari
A1: No | B1: Kirim/Install | C1: No Transaksi | D1: Invoice | E1: New/Old | F1: Perusahaan | G1: Tanggal | H1: Hari | I1: Jam | J1: Customer | K1: Alamat install | L1: No HP | M1: Type | N1: Qty unit | O1: SMT 007 | P1: Harga | Q1: WEB | R1: Qty Web | S1: Kartu | T1: Qty kartu | U1: Paket | V1: Pulsa | W1: Teknisi | X1: Payment | Y1: Catatan
C2: STOK AWAL | G2: 46019 | H2: Ahad | J2: GPS Non Server | O2: 38
A3: 1 | B3: Install | C3: 001/SMT007/DO/INS-JT/XII/2025 | D3: 001/SMT007/DO/INS-JT/XII/2025.pdf | E3: Old | F3: PT. Kyodo Utama Indonesia | G3: 46022 | H3: Rabu | I3: 10:00 | J3: Bpk Iswandi | K3: Jl. Raya Desa Cibodas No.7 , Cikopo, Bungursari, Kab. Purwakarta, Jawa Barat 41181 | L3: 0818 181 356 | M3: SMT 007 | N3: 1 | O3: =O2-N3 -> 37 | P3: 1100000 | Q3: New Protrack 1 Year | R3: 1 | S3: HALO | T3: 1 | U3: 3 bln | V3: =S3 & " " & U3 -> HALO 3 bln | W3: Jubed | X3: Transfer
A4: =A3+1 -> 2 | B4: Kirim | C4: 002/SMT007/DO/DVR-JT/XII/2025 | D4: 002/SMT007/DO/DVR-JT/XII/2025.pdf | E4: Old | G4: 46021 | H4: Selasa | J4: Bpk Jena Abidin | K4: Kab. Subang | L4: 0821 2092 2598 | M4: SMT 007-S | N4: 3 | O4: =O3-N4 -> 34 | P4: 2100000 | Q4: New Protrack 1 Year | R4: 3 | S4: AS | T4: 3 | U4: 1 bln | V4: =S4 & " " & U4 -> AS 1 bln | W4: Jasa Kirim | X4: Transfer | Y4: vt08s 650rb + kartu As 1bln 50rb
A5: =A4+1 -> 3 | B5: Install | C5: 003/SMT007/DO/IST-JT/I/2026 | D5: 003/SMT007/DO/IST-JT/I/2026.pdf | E5: Old | G5: 46024 | H5: Jum'at | I5: 9:00 | J5: Bpk Is Subhiyadi | K5: Jl. Jababeka VII Blok L 6&7, Kawasan Industri Jababeka 1 - Cikarang | L5: 0811 1044 830 | M5: SMT 007 | N5: 1 | O5: =O4-N5 -> 33 | P5: 1100000 | Q5: New Protrack 1 Year | R5: 1 | S5: HALO | T5: 1 | U5: 2 bulan | V5: =S5 & " " & U5 -> HALO 2 bulan | W5: Jubed | X5: Transfer
A6: =A5+1 -> 4 | B6: Kirim | C6: 004/SMT007/DO/DVR-JT/I/2026 | E6: Old | F6: Sanita Audio | G6: 46027 | H6: Senin | J6: Bpk. sandi/Sungkono | K6: Cibubur Point Automotive Center, Lantai Dasar Blok Alter No.11, Jl. Alternatif Cibubur | L6: 0878 8536 3162 | M6: SMT 007 | N6: 1 | O6: =O5-N6 -> 32 | P6: 800000 | Q6: New Protrack 1 Year | R6: 1 | S6: HALO | T6: 1 | U6: 1 bln | V6: =S6 & " " & U6 -> HALO 1 bln | W6: Jasa Kirim | X6: Transfer | Y6: lalamove
A7: =A6+1 -> 5 | B7: Kirim | C7: 005/SMT007/DO/DVR-JT/I/2026 | E7: Old | F7: Sanita Audio | G7: 46030 | H7: Kamis | J7: Bpk. sandi/Sungkono | M7: SMT 007 | N7: 1 | O7: =O6-N7 -> 31 | P7: 800000 | Q7: New Protrack 1 Year | R7: 1 | S7: HALO | T7: 1 | U7: 1 bln | V7: =S7 & " " & U7 -> HALO 1 bln | W7: Jasa Kirim | Y7: lalamove
A8: =A7+1 -> 6 | B8: Kirim | C8: 006/SMT007/DO/DVR-JT/I/2026 | E8: New | J8: Bpk Hendrik | O8: =O7-N8 -> 31 | S8: HALO | T8: 1 | U8: 1 bln | V8: =S8 & " " & U8 -> HALO 1 bln | W8: Jasa Kirim | X8: Transfer | Y8: lalamove
A9: =A8+1 -> 7 | O9: =O8-N9 -> 31 | V9: =S9 & " " & U9
A10: =A9+1 -> 8 | O10: =O9-N10 -> 31 | V10: =S10 & " " & U10
A11: =A10+1 -> 9 | O11: =O10-N11 -> 31 | V11: =S11 & " " & U11
A12: =A11+1 -> 10 | O12: =O11-N12 -> 31 | V12: =S12 & " " & U12
A13: =A12+1 -> 11 | O13: =O12-N13 -> 31 | V13: =S13 & " " & U13
A14: =A13+1 -> 12 | O14: =O13-N14 -> 31 | V14: =S14 & " " & U14
A15: =A14+1 -> 13 | O15: =O14-N15 -> 31 | V15: =S15 & " " & U15
A16: =A15+1 -> 14 | O16: =O15-N16 -> 31 | V16: =S16 & " " & U16
